Variant key,Catalogue reference,Design ID,Reference type,Part,Color,Quantity,BrickLink color ID,LDraw color ID,Checked on,Catalogue evidence,Status,Crane and base track,Two wagons and track extensions
b12-yellow,3004,3004,design,Brick 1 × 2,Yellow,866,3,14,2026-09-12,https://www.bricklink.com/v2/catalog/catalogitem.page?P=3004,"Digital model, not a validated shopping list",864,2
t12-yellow,3069,3069,design,Tile 1 × 2,Yellow,788,3,14,2026-09-12,https://www.bricklink.com/v2/catalog/catalogitem.page?P=3069,"Digital model, not a validated shopping list",788,0
p24-black,3020,3020,design,Plate 2 × 4,Black,722,11,0,2026-09-12,https://www.bricklink.com/v2/catalog/catalogitem.page?P=3020,"Digital model, not a validated shopping list",484,238
p24-yellow,3020,3020,design,Plate 2 × 4,Yellow,685,3,14,2026-09-12,https://www.bricklink.com/v2/catalog/catalogitem.page?P=3020,"Digital model, not a validated shopping list",679,6
b11-yellow,3005,3005,design,Brick 1 × 1,Yellow,358,3,14,2026-09-12,https://www.bricklink.com/v2/catalog/catalogitem.page?P=3005,"Digital model, not a validated shopping list",356,2
p24-dark,3020,3020,design,Plate 2 × 4,Dark Bluish Gray,330,85,72,2026-09-12,https://www.bricklink.com/v2/catalog/catalogitem.page?P=3020,"Digital model, not a validated shopping list",176,154
t14-dark,2431,2431,design,Tile 1 × 4,Dark Bluish Gray,192,85,72,2026-09-12,https://www.bricklink.com/v2/catalog/catalogitem.page?P=2431,"Digital model, not a validated shopping list",100,92
t12-black,3069,3069,design,Tile 1 × 2,Black,178,11,0,2026-09-12,https://www.bricklink.com/v2/catalog/catalogitem.page?P=3069,"Digital model, not a validated shopping list",178,0
b24-black,3001,3001,design,Brick 2 × 4,Black,176,11,0,2026-09-12,https://www.bricklink.com/v2/catalog/catalogitem.page?P=3001,"Digital model, not a validated shopping list",146,30
p14-black,3710,3710,design,Plate 1 × 4,Black,172,11,0,2026-09-12,https://www.bricklink.com/v2/catalog/catalogitem.page?P=3710,"Digital model, not a validated shopping list",100,72
b14-dark,3010,3010,design,Brick 1 × 4,Dark Bluish Gray,147,85,72,2026-09-12,https://www.bricklink.com/v2/catalog/catalogitem.page?P=3010,"Digital model, not a validated shopping list",100,47
clip11-black,15712,15712,design,Modified tile 1 × 1 with open clip,Black,146,11,0,2026-09-12,https://www.bricklink.com/v2/catalog/catalogitem.page?P=15712,"Digital model, not a validated shopping list",94,52
b24-dark,3001,3001,design,Brick 2 × 4,Dark Bluish Gray,132,85,72,2026-09-12,https://www.bricklink.com/v2/catalog/catalogitem.page?P=3001,"Digital model, not a validated shopping list",120,12
bar4-black,30374,30374,design,Bar 4L,Black,114,11,0,2026-09-12,https://www.bricklink.com/v2/catalog/catalogitem.page?P=30374,"Digital model, not a validated shopping list",102,12
grille2412b-black,2412b,2412,catalogue-variant,Grille tile 1 × 2 with bottom groove,Black,92,11,0,2026-09-12,https://www.bricklink.com/v2/catalog/catalogitem.page?P=2412b,"Digital model, not a validated shopping list",84,8
b22-yellow,3003,3003,design,Brick 2 × 2,Yellow,74,3,14,2026-09-12,https://www.bricklink.com/v2/catalog/catalogitem.page?P=3003,"Digital model, not a validated shopping list",16,58
round22-black,3941,3941,design,Round brick 2 × 2 with axle hole,Black,72,11,0,2026-09-12,https://www.bricklink.com/v2/catalog/catalogitem.page?P=3941,"Digital model, not a validated shopping list",64,8
t14-yellow,2431,2431,design,Tile 1 × 4,Yellow,58,3,14,2026-09-12,https://www.bricklink.com/v2/catalog/catalogitem.page?P=2431,"Digital model, not a validated shopping list",52,6
b24-yellow,3001,3001,design,Brick 2 × 4,Yellow,58,3,14,2026-09-12,https://www.bricklink.com/v2/catalog/catalogitem.page?P=3001,"Digital model, not a validated shopping list",40,18
p44-dark,3031,3031,design,Plate 4 × 4,Dark Bluish Gray,41,85,72,2026-09-12,https://www.bricklink.com/v2/catalog/catalogitem.page?P=3031,"Digital model, not a validated shopping list",41,0
p44-black,3031,3031,design,Plate 4 × 4,Black,41,11,0,2026-09-12,https://www.bricklink.com/v2/catalog/catalogitem.page?P=3031,"Digital model, not a validated shopping list",41,0
roundPlate11213-black,11213,11213,design,Round plate 6 × 6 with hole and snap stud,Black,36,11,0,2026-09-12,https://www.bricklink.com/v2/catalog/catalogitem.page?P=11213,"Digital model, not a validated shopping list",20,16
wheel56908-black,56908,56908,design,Technic wheel 43.2 mm × 26 mm,Black,32,11,0,2026-09-12,https://www.bricklink.com/v2/catalog/catalogitem.page?P=56908,"Digital model, not a validated shopping list",16,16
p44-yellow,3031,3031,design,Plate 4 × 4,Yellow,32,3,14,2026-09-12,https://www.bricklink.com/v2/catalog/catalogitem.page?P=3031,"Digital model, not a validated shopping list",12,20
b14-yellow,3010,3010,design,Brick 1 × 4,Yellow,30,3,14,2026-09-12,https://www.bricklink.com/v2/catalog/catalogitem.page?P=3010,"Digital model, not a validated shopping list",20,10
lamp4073-white,4073,4073,design,Round plate 1 × 1,White,20,1,15,2026-09-12,https://www.bricklink.com/v2/catalog/catalogitem.page?P=4073,"Digital model, not a validated shopping list",12,8
pivotBrick3701-yellow,3701,3701,design,Technic brick 1 × 4 with holes,Yellow,18,3,14,2026-09-12,https://www.bricklink.com/v2/catalog/catalogitem.page?P=3701,"Digital model, not a validated shopping list",18,0
bush3713-gray,3713,3713,design,Technic bush,Light Bluish Gray,18,86,71,2026-09-12,https://www.bricklink.com/v2/catalog/catalogitem.page?P=3713,"Digital model, not a validated shopping list",2,16
axle16-black,50451,50451,design,Technic axle 16L,Black,17,11,0,2026-09-12,https://www.bricklink.com/v2/catalog/catalogitem.page?P=50451,"Digital model, not a validated shopping list",9,8
b22-dark,3003,3003,design,Brick 2 × 2,Dark Bluish Gray,16,85,72,2026-09-12,https://www.bricklink.com/v2/catalog/catalogitem.page?P=3003,"Digital model, not a validated shopping list",16,0
railing2486-yellow,2486,2486,design,Railing 1 × 8 × 2,Yellow,16,3,14,2026-09-12,https://www.toypro.com/us/product/3739/bar-1-x-8-x-2/yellow,"Digital model, not a validated shopping list",16,0
round22-dark,3941,3941,design,Round brick 2 × 2 with axle hole,Dark Bluish Gray,12,85,72,2026-09-12,https://www.bricklink.com/v2/catalog/catalogitem.page?P=3941,"Digital model, not a validated shopping list",12,0
p11-red,3024,3024,design,Plate 1 × 1,Red,12,5,4,2026-09-12,https://www.bricklink.com/v2/catalog/catalogitem.page?P=3024,"Digital model, not a validated shopping list",4,8
pulley4185-black,4185,4185,design,Technic pulley Ø 24 mm,Black,9,11,0,2026-09-12,https://www.bricklink.com/v2/catalog/catalogitem.page?P=4185,"Digital model, not a validated shopping list",9,0
coupler2920-black,2920,2920,design,Train coupling magnet holder,Black,6,11,0,2026-09-12,https://www.toypro.com/fr/product/18507/accouplement-de-train-nouveau/noir,"Digital model, not a validated shopping list",2,4
magnet73092-black,73092,73092,design,Cylindrical train coupling magnet,Black,6,11,0,2026-09-12,https://www.bricklink.com/v2/catalog/catalogitem.page?P=73092,"Digital model, not a validated shopping list",2,4
t14-black,2431,2431,design,Tile 1 × 4,Black,6,11,0,2026-09-12,https://www.bricklink.com/v2/catalog/catalogitem.page?P=2431,"Digital model, not a validated shopping list",6,0
slope45_2x2-yellow,3039,3039,design,Slope 45° 2 × 2,Yellow,6,3,14,2026-09-12,https://www.bricklink.com/v2/catalog/catalogitem.page?P=3039,"Digital model, not a validated shopping list",2,4
pin2780-black,2780,2780,design,Technic friction pin 2L,Black,4,11,0,2026-09-12,https://www.bricklink.com/v2/catalog/catalogitem.page?P=2780,"Digital model, not a validated shopping list",4,0
seat4079-black,4079,4079,design,Seat 2 × 2,Black,2,11,0,2026-09-12,https://www.bricklink.com/v2/catalog/catalogitem.page?P=4079,"Digital model, not a validated shopping list",2,0
leverBase4592-black,4592,4592,design,Control lever base,Black,2,11,0,2026-09-12,https://www.bricklink.com/v2/catalog/catalogitem.page?P=4592,"Digital model, not a validated shopping list",2,0
lever4593-black,4593,4593,design,Control lever,Black,2,11,0,2026-09-12,https://www.bricklink.com/v2/catalog/catalogitem.page?P=4593,"Digital model, not a validated shopping list",2,0
actuatorLong40918-gray,40918c01,,catalogue-assembly,Long Technic linear actuator assembly,Light Bluish Gray,2,86,71,2026-09-12,https://www.bricklink.com/v2/catalog/catalogitem.page?P=40918c01,"Digital model, not a validated shopping list",2,0
axle8-black,3707,3707,design,Technic axle 8L,Black,2,11,0,2026-09-12,https://www.bricklink.com/v2/catalog/catalogitem.page?P=3707,"Digital model, not a validated shopping list",2,0
lamp4073-amber,4073,4073,design,Round plate 1 × 1,Trans-Orange,2,98,57,2026-09-12,https://www.bricklink.com/v2/catalog/catalogitem.page?P=4073,"Digital model, not a validated shopping list",2,0
turnBase18939-gray,18939,18939,design,"Technic 60-tooth turntable, base",Light Bluish Gray,1,86,71,2026-09-12,https://www.bricklink.com/v2/catalog/catalogitem.page?P=18939,"Digital model, not a validated shopping list",1,0
turnTop18938-black,18938,18938,design,"Technic 60-tooth bevel turntable, top",Black,1,11,0,2026-09-12,https://www.bricklink.com/v2/catalog/catalogitem.page?P=18938,"Digital model, not a validated shopping list",1,0
hook70644-black,70644,70644,design,Large metal Technic hook,Black,1,11,0,2026-09-12,https://www.bricklink.com/v2/catalog/catalogitem.page?P=70644,"Digital model, not a validated shopping list",1,0
