Clé variante,Référence catalogue,Numéro de dessin,Type de référence,Pièce,Couleur,Quantité,ID couleur BrickLink,ID couleur LDraw,Vérifié le,Preuve catalogue,Statut,Grue et voie de base,Deux wagons et prolongements de voie
b12-yellow,3004,3004,design,Brique 1 × 2,Jaune,866,3,14,2026-09-12,https://www.bricklink.com/v2/catalog/catalogitem.page?P=3004,"Maquette numérique, liste d’achat non validée",864,2
t12-yellow,3069,3069,design,Tuile 1 × 2,Jaune,788,3,14,2026-09-12,https://www.bricklink.com/v2/catalog/catalogitem.page?P=3069,"Maquette numérique, liste d’achat non validée",788,0
p24-black,3020,3020,design,Plaque 2 × 4,Noir,722,11,0,2026-09-12,https://www.bricklink.com/v2/catalog/catalogitem.page?P=3020,"Maquette numérique, liste d’achat non validée",484,238
p24-yellow,3020,3020,design,Plaque 2 × 4,Jaune,685,3,14,2026-09-12,https://www.bricklink.com/v2/catalog/catalogitem.page?P=3020,"Maquette numérique, liste d’achat non validée",679,6
b11-yellow,3005,3005,design,Brique 1 × 1,Jaune,358,3,14,2026-09-12,https://www.bricklink.com/v2/catalog/catalogitem.page?P=3005,"Maquette numérique, liste d’achat non validée",356,2
p24-dark,3020,3020,design,Plaque 2 × 4,Gris bleuté foncé,330,85,72,2026-09-12,https://www.bricklink.com/v2/catalog/catalogitem.page?P=3020,"Maquette numérique, liste d’achat non validée",176,154
t14-dark,2431,2431,design,Tuile 1 × 4,Gris bleuté foncé,192,85,72,2026-09-12,https://www.bricklink.com/v2/catalog/catalogitem.page?P=2431,"Maquette numérique, liste d’achat non validée",100,92
t12-black,3069,3069,design,Tuile 1 × 2,Noir,178,11,0,2026-09-12,https://www.bricklink.com/v2/catalog/catalogitem.page?P=3069,"Maquette numérique, liste d’achat non validée",178,0
b24-black,3001,3001,design,Brique 2 × 4,Noir,176,11,0,2026-09-12,https://www.bricklink.com/v2/catalog/catalogitem.page?P=3001,"Maquette numérique, liste d’achat non validée",146,30
p14-black,3710,3710,design,Plaque 1 × 4,Noir,172,11,0,2026-09-12,https://www.bricklink.com/v2/catalog/catalogitem.page?P=3710,"Maquette numérique, liste d’achat non validée",100,72
b14-dark,3010,3010,design,Brique 1 × 4,Gris bleuté foncé,147,85,72,2026-09-12,https://www.bricklink.com/v2/catalog/catalogitem.page?P=3010,"Maquette numérique, liste d’achat non validée",100,47
clip11-black,15712,15712,design,Tuile 1 × 1 avec clip ouvert,Noir,146,11,0,2026-09-12,https://www.bricklink.com/v2/catalog/catalogitem.page?P=15712,"Maquette numérique, liste d’achat non validée",94,52
b24-dark,3001,3001,design,Brique 2 × 4,Gris bleuté foncé,132,85,72,2026-09-12,https://www.bricklink.com/v2/catalog/catalogitem.page?P=3001,"Maquette numérique, liste d’achat non validée",120,12
bar4-black,30374,30374,design,Barre 4L,Noir,114,11,0,2026-09-12,https://www.bricklink.com/v2/catalog/catalogitem.page?P=30374,"Maquette numérique, liste d’achat non validée",102,12
grille2412b-black,2412b,2412,catalogue-variant,"Tuile grille 1 × 2, rainure dessous",Noir,92,11,0,2026-09-12,https://www.bricklink.com/v2/catalog/catalogitem.page?P=2412b,"Maquette numérique, liste d’achat non validée",84,8
b22-yellow,3003,3003,design,Brique 2 × 2,Jaune,74,3,14,2026-09-12,https://www.bricklink.com/v2/catalog/catalogitem.page?P=3003,"Maquette numérique, liste d’achat non validée",16,58
round22-black,3941,3941,design,Brique ronde 2 × 2 avec trou d’axe,Noir,72,11,0,2026-09-12,https://www.bricklink.com/v2/catalog/catalogitem.page?P=3941,"Maquette numérique, liste d’achat non validée",64,8
t14-yellow,2431,2431,design,Tuile 1 × 4,Jaune,58,3,14,2026-09-12,https://www.bricklink.com/v2/catalog/catalogitem.page?P=2431,"Maquette numérique, liste d’achat non validée",52,6
b24-yellow,3001,3001,design,Brique 2 × 4,Jaune,58,3,14,2026-09-12,https://www.bricklink.com/v2/catalog/catalogitem.page?P=3001,"Maquette numérique, liste d’achat non validée",40,18
p44-dark,3031,3031,design,Plaque 4 × 4,Gris bleuté foncé,41,85,72,2026-09-12,https://www.bricklink.com/v2/catalog/catalogitem.page?P=3031,"Maquette numérique, liste d’achat non validée",41,0
p44-black,3031,3031,design,Plaque 4 × 4,Noir,41,11,0,2026-09-12,https://www.bricklink.com/v2/catalog/catalogitem.page?P=3031,"Maquette numérique, liste d’achat non validée",41,0
roundPlate11213-black,11213,11213,design,Plaque ronde 6 × 6 avec trou et tenon d’encliquetage,Noir,36,11,0,2026-09-12,https://www.bricklink.com/v2/catalog/catalogitem.page?P=11213,"Maquette numérique, liste d’achat non validée",20,16
wheel56908-black,56908,56908,design,"Jante Technic de 43,2 mm × 26 mm",Noir,32,11,0,2026-09-12,https://www.bricklink.com/v2/catalog/catalogitem.page?P=56908,"Maquette numérique, liste d’achat non validée",16,16
p44-yellow,3031,3031,design,Plaque 4 × 4,Jaune,32,3,14,2026-09-12,https://www.bricklink.com/v2/catalog/catalogitem.page?P=3031,"Maquette numérique, liste d’achat non validée",12,20
b14-yellow,3010,3010,design,Brique 1 × 4,Jaune,30,3,14,2026-09-12,https://www.bricklink.com/v2/catalog/catalogitem.page?P=3010,"Maquette numérique, liste d’achat non validée",20,10
lamp4073-white,4073,4073,design,Plaque ronde 1 × 1,Blanc,20,1,15,2026-09-12,https://www.bricklink.com/v2/catalog/catalogitem.page?P=4073,"Maquette numérique, liste d’achat non validée",12,8
pivotBrick3701-yellow,3701,3701,design,Brique Technic 1 × 4 à trous,Jaune,18,3,14,2026-09-12,https://www.bricklink.com/v2/catalog/catalogitem.page?P=3701,"Maquette numérique, liste d’achat non validée",18,0
bush3713-gray,3713,3713,design,Bague d’arrêt Technic,Gris bleuté clair,18,86,71,2026-09-12,https://www.bricklink.com/v2/catalog/catalogitem.page?P=3713,"Maquette numérique, liste d’achat non validée",2,16
axle16-black,50451,50451,design,Axe Technic 16L,Noir,17,11,0,2026-09-12,https://www.bricklink.com/v2/catalog/catalogitem.page?P=50451,"Maquette numérique, liste d’achat non validée",9,8
b22-dark,3003,3003,design,Brique 2 × 2,Gris bleuté foncé,16,85,72,2026-09-12,https://www.bricklink.com/v2/catalog/catalogitem.page?P=3003,"Maquette numérique, liste d’achat non validée",16,0
railing2486-yellow,2486,2486,design,Garde-corps 1 × 8 × 2,Jaune,16,3,14,2026-09-12,https://www.toypro.com/us/product/3739/bar-1-x-8-x-2/yellow,"Maquette numérique, liste d’achat non validée",16,0
round22-dark,3941,3941,design,Brique ronde 2 × 2 avec trou d’axe,Gris bleuté foncé,12,85,72,2026-09-12,https://www.bricklink.com/v2/catalog/catalogitem.page?P=3941,"Maquette numérique, liste d’achat non validée",12,0
p11-red,3024,3024,design,Plaque 1 × 1,Rouge,12,5,4,2026-09-12,https://www.bricklink.com/v2/catalog/catalogitem.page?P=3024,"Maquette numérique, liste d’achat non validée",4,8
pulley4185-black,4185,4185,design,Poulie Technic Ø 24 mm,Noir,9,11,0,2026-09-12,https://www.bricklink.com/v2/catalog/catalogitem.page?P=4185,"Maquette numérique, liste d’achat non validée",9,0
coupler2920-black,2920,2920,design,Support d’aimant d’attelage,Noir,6,11,0,2026-09-12,https://www.toypro.com/fr/product/18507/accouplement-de-train-nouveau/noir,"Maquette numérique, liste d’achat non validée",2,4
magnet73092-black,73092,73092,design,Aimant cylindrique d’attelage,Noir,6,11,0,2026-09-12,https://www.bricklink.com/v2/catalog/catalogitem.page?P=73092,"Maquette numérique, liste d’achat non validée",2,4
t14-black,2431,2431,design,Tuile 1 × 4,Noir,6,11,0,2026-09-12,https://www.bricklink.com/v2/catalog/catalogitem.page?P=2431,"Maquette numérique, liste d’achat non validée",6,0
slope45_2x2-yellow,3039,3039,design,Brique inclinée à 45° 2 × 2,Jaune,6,3,14,2026-09-12,https://www.bricklink.com/v2/catalog/catalogitem.page?P=3039,"Maquette numérique, liste d’achat non validée",2,4
pin2780-black,2780,2780,design,Cheville Technic à friction 2 tenons,Noir,4,11,0,2026-09-12,https://www.bricklink.com/v2/catalog/catalogitem.page?P=2780,"Maquette numérique, liste d’achat non validée",4,0
seat4079-black,4079,4079,design,Siège 2 × 2,Noir,2,11,0,2026-09-12,https://www.bricklink.com/v2/catalog/catalogitem.page?P=4079,"Maquette numérique, liste d’achat non validée",2,0
leverBase4592-black,4592,4592,design,Socle du levier de commande,Noir,2,11,0,2026-09-12,https://www.bricklink.com/v2/catalog/catalogitem.page?P=4592,"Maquette numérique, liste d’achat non validée",2,0
lever4593-black,4593,4593,design,Levier de commande,Noir,2,11,0,2026-09-12,https://www.bricklink.com/v2/catalog/catalogitem.page?P=4593,"Maquette numérique, liste d’achat non validée",2,0
actuatorLong40918-gray,40918c01,,catalogue-assembly,"Vérin linéaire Technic long, assemblage",Gris bleuté clair,2,86,71,2026-09-12,https://www.bricklink.com/v2/catalog/catalogitem.page?P=40918c01,"Maquette numérique, liste d’achat non validée",2,0
axle8-black,3707,3707,design,Axe Technic 8 tenons,Noir,2,11,0,2026-09-12,https://www.bricklink.com/v2/catalog/catalogitem.page?P=3707,"Maquette numérique, liste d’achat non validée",2,0
lamp4073-amber,4073,4073,design,Plaque ronde 1 × 1,Transparent orange,2,98,57,2026-09-12,https://www.bricklink.com/v2/catalog/catalogitem.page?P=4073,"Maquette numérique, liste d’achat non validée",2,0
turnBase18939-gray,18939,18939,design,"Couronne Technic 60 dents, base",Gris bleuté clair,1,86,71,2026-09-12,https://www.bricklink.com/v2/catalog/catalogitem.page?P=18939,"Maquette numérique, liste d’achat non validée",1,0
turnTop18938-black,18938,18938,design,"Couronne Technic 60 dents biseautées, dessus",Noir,1,11,0,2026-09-12,https://www.bricklink.com/v2/catalog/catalogitem.page?P=18938,"Maquette numérique, liste d’achat non validée",1,0
hook70644-black,70644,70644,design,Grand crochet Technic en métal,Noir,1,11,0,2026-09-12,https://www.bricklink.com/v2/catalog/catalogitem.page?P=70644,"Maquette numérique, liste d’achat non validée",1,0
