Référence,Pièce,Couleur,Quantité
3001,Brique 2 × 4,Jaune,64
3010,Brique 1 × 4,Jaune,56
3460,Plaque 1 × 8,Gris foncé,39
3001,Brique 2 × 4,Noir,35
3020,Plaque 2 × 4,Jaune,31
3031,Plaque 4 × 4,Jaune,30
3062b,Brique ronde 1 × 1,Noir,16
3005,Brique 1 × 1,Jaune,16
3062b,Brique ronde 1 × 1,Jaune,16
3031,Plaque 4 × 4,Noir,12
3010,Brique 1 × 4,Gris foncé,12
3035,Plaque 4 × 8,Noir,12
3003,Brique 2 × 2,Gris foncé,12
3003,Brique 2 × 2,Jaune,12
3035,Plaque 4 × 8,Gris foncé,10
3024,Plaque 1 × 1,Rouge,4
3001,Brique 2 × 4,Gris foncé,4
3034,Plaque 2 × 8,Jaune,4
3031,Plaque 4 × 4,Gris foncé,4
3710,Plaque 1 × 4,Noir,4
3004,Brique 1 × 2,Jaune,4
3008,Brique 1 × 8,Jaune,2
3020,Plaque 2 × 4,Noir,1
